1,1,3.0
1,2,2.5
1,31,2.5
2,10,4.0
2,17,5.0
2,39,5.0
2,47,4.0
2,50,4.0
2,52,3.0
2,62,3.0
3,60,3.0
4,10,4.0
4,34,5.0
5,3,4.0
5,39,4.0
7,1,3.0
7,10,3.0
7,21,3.0
7,31,3.0
7,34,4.0
7,40,4.0
8,32,5.0
8,45,2.5
8,47,5.0
8,50,5.0
9,1,4.0
9,17,4.0
9,26,3.0
9,36,5.0
9,47,3.0
10,50,5.0
11,50,5.0
11,70,1.0
13,1,5.0
13,47,2.5
15,1,2.0
15,2,2.0
15,5,4.5
15,6,4.0
15,10,3.0
15,11,2.5
15,14,2.5
15,16,3.5
15,17,3.0
15,19,1.0
15,21,4.5
15,22,2.5
15,25,3.0
15,32,4.0
15,34,3.0
15,36,1.0
15,39,2.5
15,44,3.0
15,47,5.0
15,50,5.0
15,52,2.5
15,62,2.0
15,70,0.5
15,82,5.0
15,94,3.0
15,95,1.5
16,50,4.5
17,6,4.5
17,25,4.5
17,29,4.5
17,32,4.5
17,36,4.5
17,47,5.0
17,50,5.0
18,5,3.0
18,6,4.0
18,7,3.0
18,9,3.0
18,14,2.0
18,17,4.0
18,18,3.0
18,25,5.0
18,32,5.0
18,36,3.0
18,52,3.0
18,62,4.0
18,74,2.0
18,76,3.0
18,79,2.0
18,81,3.0
18,85,4.0
18,86,4.0
18,92,3.0
18,95,3.0
18,100,4.0
19,1,3.0
19,2,3.0
19,3,3.0
19,4,3.0
19,6,3.0
19,7,3.0
19,9,3.0
19,10,3.0
19,11,3.0
19,14,5.0
19,16,5.0
19,21,3.0
19,22,3.0
19,23,1.0
19,25,3.0
19,29,3.0
19,32,3.0
19,34,4.0
19,35,3.0
19,36,3.0
19,39,3.0
19,42,3.0
19,45,3.0
19,47,5.0
19,48,3.0
19,50,4.0
19,52,3.0
19,57,3.0
19,58,3.0
19,63,3.0
19,64,2.0
19,70,4.0
19,74,3.0
19,89,3.0
19,94,3.0
19,95,3.0
19,97,4.0
20,1,3.5
20,32,2.5
20,34,3.5
21,10,3.0
21,21,3.0
21,32,4.0
21,34,4.0
21,36,3.0
21,44,3.0
21,47,4.0
21,95,3.0
22,32,4.5
22,44,2.0
22,47,3.5
22,48,2.0
22,70,3.0
23,1,3.0
23,6,3.5
23,11,3.5
23,16,4.0
23,19,2.0
23,20,1.5
23,24,3.5
23,32,4.0
23,34,3.5
23,47,4.5
23,50,4.0
23,58,3.5
23,62,4.0
23,89,4.0
24,6,5.0
24,36,3.0
24,81,4.0
24,95,3.0
25,3,3.0
25,32,4.0
25,78,3.0
26,1,5.0
26,32,4.5
26,47,4.5
26,50,4.5
26,63,0.5
26,69,4.5
27,50,4.0
27,73,5.0
28,21,5.0
28,58,5.0
30,1,4.0
30,2,2.0
30,6,4.0
30,8,4.0
30,11,4.0
30,14,4.0
30,16,5.0
30,18,2.0
30,21,5.0
30,23,4.0
30,25,4.0
30,32,2.0
30,34,4.0
30,42,3.0
30,45,3.0
30,47,4.0
30,50,5.0
30,52,5.0
30,60,2.0
30,70,4.0
30,78,2.0
30,100,4.0
31,31,4.0
31,32,4.5
31,50,3.5
32,2,4.0
32,19,3.0
32,31,4.0
32,44,3.0
33,19,3.0
33,88,3.0
34,6,3.0
34,21,4.0
34,32,5.0
34,39,3.0
34,47,5.0
34,50,5.0
34,70,4.0
35,24,2.5
36,6,3.0
36,16,3.0
36,18,4.0
36,21,3.0
36,25,4.0
36,31,3.0
36,32,5.0
36,36,4.0
36,41,3.0
36,45,4.0
36,50,4.0
36,52,3.0
36,55,4.0
36,57,4.0
36,58,5.0
36,68,4.0
37,1,4.0
38,16,4.5
38,47,4.0
39,6,4.0
39,10,5.0
39,16,5.0
39,21,3.0
39,22,4.0
39,31,3.0
39,47,4.0
39,50,3.0
39,69,3.0
39,70,5.0
39,73,3.0
39,76,3.0
40,50,4.5
41,2,3.5
41,29,4.0
43,1,4.0
43,34,4.0
43,39,4.0
43,70,2.0
44,1,4.0
44,3,5.0
44,5,3.0
44,6,3.0
44,17,2.0
44,25,3.0
44,32,3.0
44,62,5.0
44,95,3.0
46,73,5.0
47,1,5.0
47,2,5.0
47,10,4.0
47,32,4.0
47,39,3.0
47,50,4.0
47,95,3.0
48,1,4.0
48,2,3.5
48,34,3.0
49,2,5.0
49,60,3.0
50,10,4.0
50,21,3.0
50,39,2.0
50,47,3.0
50,95,3.0
55,1,3.0
55,5,3.0
55,6,5.0
55,7,2.0
55,9,3.0
55,32,4.0
55,65,5.0
55,74,3.0
55,79,3.0
55,95,3.0
55,100,3.0
56,1,4.0
56,10,4.0
56,16,4.0
56,21,2.0
56,29,4.0
56,39,5.0
56,47,4.0
56,50,4.0
57,11,5.0
57,17,5.0
57,21,4.0
57,34,5.0
58,11,5.0
58,19,1.0
59,11,2.5
59,32,4.5
59,50,5.0
60,16,4.5
60,21,3.0
61,2,3.5
61,34,2.0
61,48,2.5
61,50,5.0
63,1,5.0
63,11,3.5
63,16,5.0
63,58,0.5
66,21,4.0
66,22,2.0
67,1,3.0
67,6,5.0
67,12,3.0
67,16,4.0
67,17,4.0
67,18,4.0
67,28,5.0
67,34,5.0
67,42,3.0
67,43,4.0
67,60,4.0
67,62,3.0
67,86,5.0
67,88,3.0
67,94,3.0
67,95,1.0
68,1,4.0
68,2,3.0
68,11,3.5
69,1,5.0
69,2,3.5
69,5,5.0
69,19,4.0
69,34,4.0
69,39,4.5
69,48,4.5
70,1,5.0
70,3,5.0
70,5,5.0
70,7,3.0
70,9,3.0
70,12,3.0
70,14,3.0
70,17,4.0
70,25,5.0
70,26,5.0
70,32,4.0
70,36,4.0
70,52,4.0
70,58,5.0
70,61,4.0
70,62,5.0
70,63,4.0
70,65,3.0
70,76,4.0
70,79,4.0
70,81,4.0
70,82,4.0
70,86,4.0
70,88,3.0
70,92,5.0
70,95,5.0
70,100,4.0
72,1,3.5
72,2,2.5
72,47,3.5
72,50,4.0
73,1,5.0
73,2,2.5
73,6,4.5
73,10,3.0
73,15,2.5
73,16,4.0
73,19,1.5
73,21,3.5
73,25,4.5
73,31,3.5
73,32,5.0
73,34,2.5
73,36,4.5
73,39,4.0
73,44,3.0
73,47,5.0
73,48,2.0
73,50,5.0
73,60,2.0
73,63,3.5
73,65,2.0
73,69,4.0
73,70,3.5
73,98,3.0
74,10,5.0
74,16,3.0
74,17,4.0
75,1,3.0
75,3,3.0
75,32,4.0
76,45,5.0
77,1,4.0
77,6,3.5
77,10,3.0
77,32,4.0
77,34,3.5
77,39,2.5
77,47,4.0
77,62,3.5
77,70,3.5
77,76,3.5
77,95,1.5
78,2,3.5
78,10,5.0
78,16,5.0
78,32,5.0
78,34,3.5
78,39,5.0
78,47,4.0
78,50,5.0
79,1,2.0
79,2,2.5
79,7,0.5
80,2,2.0
80,6,4.0
80,7,4.0
80,10,3.0
80,16,5.0
80,20,1.0
80,21,4.0
80,25,4.0
80,32,5.0
80,45,4.0
80,46,3.0
80,50,3.0
80,73,5.0
80,89,3.0
80,93,1.0
80,95,2.0
80,100,2.0
82,10,3.0
82,21,3.0
82,34,5.0
82,39,5.0
82,47,5.0
82,50,4.0
83,6,5.0
83,21,1.0
83,39,4.0
83,50,5.0
83,69,3.5
84,1,3.5
85,2,5.0
85,3,2.0
85,5,3.0
85,10,5.0
85,19,3.0
85,21,4.0
85,23,3.0
85,44,2.0
85,58,1.0
86,1,3.0
86,11,1.0
86,14,4.0
86,17,5.0
86,18,5.0
86,19,1.0
86,21,1.0
86,25,3.0
86,26,4.0
86,28,4.0
86,29,4.0
86,30,5.0
86,32,5.0
86,34,3.0
86,35,4.0
86,36,4.0
86,39,4.0
86,41,4.0
86,46,3.0
86,47,5.0
86,58,4.0
86,62,3.0
86,68,4.0
86,72,4.0
86,73,3.0
86,81,5.0
86,82,3.0
86,85,4.0
86,97,4.0
87,1,3.0
87,7,3.0
87,25,4.0
87,32,3.0
87,52,4.0
87,62,1.0
87,88,3.0
87,95,3.0
88,2,3.5
88,7,4.0
88,11,3.5
88,21,3.5
88,31,3.0
88,36,4.0
88,39,3.0
88,47,4.0
88,62,3.5
88,95,2.0
89,1,5.0
90,1,4.0
90,6,4.0
90,25,2.0
90,29,5.0
90,32,4.0
90,36,4.0
90,79,3.0
90,81,4.0
91,1,5.0
91,12,3.5
91,19,4.0
91,23,3.5
91,34,3.0
92,1,5.0
92,2,3.0
92,6,3.0
92,10,2.0
92,11,4.0
92,19,1.0
92,21,5.0
92,32,5.0
92,34,5.0
92,39,2.0
92,44,3.0
92,45,4.0
92,47,5.0
92,50,5.0
92,62,3.0
92,76,3.0
92,95,3.0
93,1,4.0
93,11,3.5
93,17,4.0
93,21,5.0
93,25,3.5
93,34,4.0
93,39,4.0
93,62,3.5
94,1,4.0
94,16,3.5
94,50,4.0
94,69,3.0
95,6,5.0
95,9,3.0
95,11,4.0
95,16,5.0
95,19,4.0
95,24,4.0
95,63,4.0
95,70,4.0
95,86,4.0
95,88,4.0
96,31,2.5
96,50,4.0
97,1,1.0
97,32,4.5
97,50,5.0
98,5,3.0
98,39,3.0
99,1,4.0
99,2,2.0
99,17,3.0
99,28,3.0
99,39,4.0
99,47,1.0
99,50,4.0
100,1,4.0
100,3,4.0
100,6,3.0
100,7,3.0
100,25,4.0
100,32,5.0
100,52,3.0
100,62,3.0
100,86,3.0
100,88,2.0
100,95,3.0
102,14,4.0
102,25,4.0
102,28,4.0
102,34,4.0
102,35,4.0
102,36,4.0
102,37,1.0
102,45,4.0
102,47,4.0
102,50,4.0
102,52,4.0
102,58,4.0
102,70,2.0
102,78,4.0
102,94,2.0
103,29,5.0
103,32,5.0
103,47,4.5
103,71,1.0
105,6,3.0
105,10,3.5
105,11,3.5
105,16,5.0
105,19,2.0
105,21,3.5
105,22,2.5
105,25,4.0
105,32,4.0
105,36,3.0
105,47,4.0
105,50,4.5
105,52,4.0
105,95,2.5
106,1,4.0
108,10,4.0
108,34,3.0
108,47,2.0
109,16,3.5
109,47,5.0
110,3,4.0
110,5,4.0
110,6,4.0
110,7,4.0
110,9,5.0
110,10,4.0
110,11,5.0
110,16,4.0
110,19,4.0
110,23,5.0
110,31,4.0
110,32,3.0
110,34,3.0
110,39,5.0
110,45,5.0
110,47,3.0
110,79,1.0
110,95,5.0
111,5,3.0
111,7,3.5
111,10,3.5
111,11,4.0
111,18,2.5
111,25,4.0
111,31,3.5
111,32,3.5
111,39,4.5
111,45,1.0
111,47,4.0
111,50,4.0
111,81,3.0
111,95,3.0
112,1,5.0
112,3,5.0
112,6,3.0
112,18,3.0
112,32,3.0
112,41,5.0
112,85,5.0
112,95,3.0
113,2,5.0
113,4,3.0
113,5,5.0
113,6,4.0
113,8,5.0
113,9,4.0
113,10,3.0
113,16,5.0
113,20,5.0
113,21,5.0
113,24,5.0
113,25,4.0
113,36,4.0
113,65,4.0
113,74,5.0
113,79,5.0
113,89,4.0
114,10,4.0
114,34,5.0
115,2,5.0
115,3,5.0
115,19,4.0
115,45,3.5
116,47,5.0
118,16,4.0
118,32,4.0
118,36,4.0
118,47,4.0
118,50,5.0
119,1,2.0
119,2,3.0
119,6,5.0
119,16,3.0
119,21,4.0
119,24,3.0
119,26,5.0
119,29,3.0
119,32,4.0
119,36,3.0
119,41,4.0
119,47,5.0
119,50,4.0
119,60,2.0
119,62,4.0
119,70,4.0
119,78,3.0
119,95,2.0
120,1,2.5
120,32,3.5
120,36,3.0
120,47,3.5
120,50,4.0
121,1,4.0
121,6,4.0
121,10,3.0
121,11,4.0
121,17,5.0
121,34,5.0
121,39,4.0
121,40,5.0
121,50,5.0
121,95,4.0
122,1,3.0
122,10,3.0
122,17,3.0
122,28,3.0
122,73,4.0
124,1,4.5
124,2,3.0
124,19,4.0
124,47,3.5
125,1,4.0
125,11,4.0
125,47,4.5
125,50,5.0
126,1,5.0
126,2,3.0
126,10,3.0
126,34,3.0
126,39,3.0
126,48,3.0
126,58,4.0
126,95,3.0
127,5,4.0
128,1,5.0
128,2,4.0
128,3,2.0
128,4,3.0
128,7,5.0
128,8,4.0
128,25,2.0
128,39,4.0
128,45,5.0
128,47,5.0
128,48,5.0
128,60,3.0
128,79,5.0
128,86,5.0
128,89,5.0
128,93,1.0
129,39,3.0
130,1,3.0
130,10,3.5
130,19,1.0
130,21,3.5
130,34,3.0
130,36,4.0
130,48,3.0
130,50,3.5
133,47,2.5
134,1,3.5
134,2,4.5
134,5,1.0
134,10,4.0
134,16,4.0
134,19,2.0
134,29,5.0
134,32,4.5
134,36,4.0
134,39,3.5
134,47,4.5
135,10,3.0
135,18,4.0
135,20,3.0
135,21,3.0
135,27,3.0
135,65,1.0
136,1,4.5
137,10,4.0
137,32,5.0
137,50,5.0
137,60,3.0
138,1,2.0
138,50,4.0
140,5,4.5
140,60,2.0
142,1,4.0
143,47,4.5
144,10,5.0
144,21,2.0
144,32,5.0
144,39,3.0
144,47,4.0
145,10,5.0
145,19,5.0
145,32,5.0
145,47,5.0
146,1,5.0
147,50,5.0
148,29,3.5
148,32,4.0
148,40,4.5
148,52,4.0
148,58,4.0
149,1,3.0
149,39,3.5
149,47,3.5
149,50,3.0
150,1,3.0
150,2,3.0
150,5,2.5
150,10,4.0
150,19,3.0
150,21,3.5
150,23,2.0
150,25,4.0
150,31,2.5
150,39,2.5
150,44,1.0
150,45,1.5
150,50,4.5
150,60,2.5
150,69,2.5
150,70,2.5
150,71,3.0
150,95,3.0
151,2,4.0
151,10,5.0
151,19,3.0
151,21,5.0
151,32,5.0
151,34,3.0
151,39,3.0
151,47,5.0
151,50,3.0
151,95,3.0
152,1,3.5
152,6,4.0
152,10,1.5
152,21,3.5
152,25,0.5
152,32,5.0
152,47,5.0
152,50,5.0
152,95,3.5
153,1,5.0
153,32,5.0
153,34,4.0
154,1,4.0
154,3,4.0
154,5,3.0
154,7,3.0
154,18,5.0
154,52,5.0
154,62,3.0
154,85,4.0
154,92,3.0
155,32,3.0
156,36,5.0
157,1,3.5
157,2,2.5
157,10,3.5
157,12,2.0
157,32,4.0
157,34,1.0
157,47,3.5
157,50,4.0
159,10,2.5
159,25,4.5
159,34,2.0
159,47,3.5
159,50,4.5
159,62,3.5
159,72,0.5
159,76,3.0
160,34,2.0
160,36,4.0
161,2,4.0
161,10,4.0
161,11,4.0
161,17,5.0
161,21,3.0
161,25,3.0
161,31,3.0
161,32,3.0
161,36,4.0
161,39,3.0
161,44,3.0
161,47,4.0
161,48,3.0
161,62,4.0
161,95,4.0
162,3,2.0
162,5,4.0
162,6,3.0
162,7,3.0
162,17,4.0
162,36,3.0
162,52,5.0
162,62,5.0
162,64,3.0
162,100,3.0
163,1,3.0
163,19,0.5
164,1,3.5
164,10,4.0
165,1,2.5
165,2,3.0
165,3,2.5
165,10,2.5
165,19,1.0
165,21,2.5
165,22,3.5
165,31,3.5
165,44,4.0
165,47,3.5
165,50,2.0
165,62,3.5
165,70,5.0
165,81,3.0
166,34,4.0
168,1,5.0
168,4,3.0
168,20,2.0
168,21,4.0
168,32,3.0
168,39,4.0
168,50,4.0
168,93,2.0
169,1,4.0
169,60,1.5
170,29,2.5
171,16,5.0
171,47,4.0
172,17,4.0
172,32,3.0
172,34,3.0
172,50,5.0
173,1,4.0
173,6,5.0
173,32,4.0
173,40,4.0
173,62,4.0
173,100,4.0
174,48,4.5
175,1,4.0
175,47,4.0
175,48,3.0
175,73,4.0
175,95,4.0
176,1,2.0
176,2,3.0
176,19,2.0
176,34,2.0
176,39,1.0
176,48,3.0
177,1,5.0
177,2,5.0
177,6,5.0
177,10,4.0
177,18,4.0
177,22,4.0
177,23,3.0
177,32,4.0
177,47,5.0
177,50,5.0
177,66,1.0
177,70,4.0
177,76,2.0
177,89,4.0
177,95,4.0
178,1,4.0
179,1,5.0
180,24,4.0
182,2,5.0
182,3,4.0
182,4,3.0
182,5,4.0
182,7,5.0
182,8,5.0
182,9,3.0
182,11,5.0
182,13,3.0
182,17,3.0
182,21,3.0
182,25,1.0
182,34,5.0
182,36,3.0
182,48,3.0
182,60,4.0
182,61,3.0
182,62,5.0
182,79,3.0
182,95,3.0
183,32,5.0
183,34,4.0
183,36,4.0
183,47,5.0
183,50,5.0
184,1,5.0
185,1,5.0
185,2,4.0
185,24,4.0
185,29,5.0
185,48,3.0
185,50,5.0
186,31,3.0
187,1,4.0
187,2,3.0
187,16,4.0
187,39,4.5
188,2,4.0
188,10,4.0
188,22,3.0
188,24,4.0
188,32,4.0
188,34,4.0
188,39,3.0
188,47,3.0
188,48,3.0
188,60,4.0
188,62,3.0
188,93,3.0
190,43,4.0
191,10,2.0
191,34,2.0
191,47,3.0
192,2,4.0
192,19,3.0
192,34,5.0
192,39,3.0
192,44,3.0
192,47,3.0
192,48,3.0
192,62,5.0
193,1,4.0
193,16,4.0
194,19,3.0
194,32,4.0
194,44,3.0
194,95,3.0
195,6,4.0
195,25,3.0
195,34,4.0
195,39,3.0
195,42,2.0
195,60,2.0
195,95,3.0
196,5,4.0
197,32,3.0
198,36,5.0
199,6,4.5
199,10,2.5
199,12,4.0
199,16,4.0
199,23,3.5
199,25,4.0
199,32,3.5
199,44,4.0
199,47,4.5
199,50,4.5
200,1,3.0
200,2,3.5
200,32,4.0
201,1,5.0
201,6,5.0
201,32,5.0
201,34,4.0
201,47,5.0
201,50,5.0
201,58,4.0
203,23,3.5
203,50,5.0
204,16,4.0
204,58,2.5
205,1,4.5
205,10,3.5
205,47,4.5
205,50,5.0
207,24,0.5
207,44,0.5
207,69,5.0
208,16,4.0
210,16,2.5
210,34,2.5
211,17,4.0
211,29,5.0
211,32,5.0
211,43,5.0
211,52,5.0
211,62,5.0
211,82,5.0
211,94,3.0
212,1,3.0
212,2,3.0
212,5,2.5
212,10,3.5
212,16,4.0
212,17,3.5
212,19,1.5
212,28,4.0
212,32,3.5
212,34,3.0
212,36,4.0
212,39,2.0
212,44,2.0
212,47,3.5
212,48,3.5
212,50,3.5
212,95,3.5
213,1,3.0
213,2,3.0
213,7,2.0
213,13,2.5
213,15,3.0
213,19,2.0
213,24,2.5
213,32,1.5
213,34,1.5
213,39,2.0
213,47,2.5
213,48,2.0
213,60,2.0
213,89,3.5
213,95,2.0
214,10,3.0
214,25,3.0
214,32,3.0
214,36,4.0
214,47,4.0
214,50,5.0
215,1,3.0
215,6,3.0
215,86,3.0
216,47,5.0
216,48,4.0
217,3,4.5
217,16,4.0
218,2,2.5
219,1,5.0
219,11,4.0
219,16,2.0
219,19,3.0
219,34,3.0
219,39,4.0
219,47,4.0
219,50,4.0
220,1,2.0
220,16,5.0
220,17,5.0
220,34,4.0
220,36,4.0
220,62,4.0
221,16,3.0
223,5,4.0
223,6,4.0
223,7,3.0
223,32,4.0
223,36,4.0
223,41,4.0
223,62,4.0
223,81,3.0
223,86,5.0
224,1,4.0
224,2,4.0
224,6,5.0
224,10,3.0
224,16,5.0
224,17,5.0
224,21,4.0
224,25,4.0
224,28,5.0
224,29,4.0
224,30,4.0
224,32,5.0
224,34,5.0
224,35,4.0
224,36,5.0
224,43,4.0
224,47,4.0
224,50,4.0
224,52,4.0
224,55,4.0
224,58,3.0
224,82,4.0
224,85,4.0
224,94,4.0
224,95,3.0
224,100,4.0
225,47,5.0
231,50,5.0
232,1,3.0
232,11,4.0
232,17,5.0
232,25,1.0
232,32,5.0
232,50,5.0
232,62,5.0
232,95,4.0
232,100,5.0
233,3,3.0
233,7,3.0
233,14,3.0
233,17,5.0
233,58,3.0
233,79,3.0
233,86,3.0
233,95,3.0
233,100,3.0
235,5,4.5
235,6,4.0
235,11,3.5
235,47,3.0
235,48,3.0
235,50,5.0
235,62,4.5
236,6,3.0
236,7,3.5
236,10,3.0
236,30,4.5
236,32,4.0
236,47,2.5
237,1,3.0
237,32,2.0
239,3,4.0
239,4,3.0
239,5,3.0
239,11,4.0
239,39,5.0
239,65,2.0
239,69,5.0
239,88,2.0
240,1,4.5
240,16,3.5
240,17,4.0
240,21,3.0
240,32,4.5
240,34,4.5
240,36,4.0
240,39,4.5
240,47,4.0
240,50,2.5
240,58,4.0
241,1,3.0
241,2,3.0
241,5,2.0
241,34,4.0
241,36,4.0
241,47,3.0
241,48,2.0
241,50,4.0
242,1,5.0
242,6,4.0
242,11,5.0
242,16,5.0
242,21,5.0
242,22,4.0
242,25,4.0
242,31,4.0
242,34,4.0
242,36,5.0
242,47,4.0
242,50,5.0
242,52,4.0
242,95,4.0
242,100,4.0
243,10,3.5
243,19,3.0
243,34,3.5
243,44,1.5
243,47,4.0
243,48,2.5
243,93,2.0
245,22,3.0
245,36,4.0
245,46,3.0
245,47,2.0
245,50,4.0
245,62,5.0
247,1,4.0
247,7,3.0
247,9,3.0
247,10,4.0
247,11,4.0
247,12,3.0
247,19,4.0
247,39,3.0
247,44,3.0
247,45,3.0
247,69,4.0
247,70,3.0
248,32,4.0
249,10,4.0
249,11,4.0
252,1,3.0
252,6,3.0
252,7,4.0
252,12,5.0
252,25,5.0
252,32,4.0
252,79,2.0
252,95,4.0
253,1,4.5
253,2,4.0
253,10,4.0
253,16,2.0
253,19,1.0
253,20,1.5
253,34,4.5
253,62,4.5
254,9,3.0
254,19,3.0
254,22,3.0
254,23,2.0
254,29,5.0
254,31,3.0
254,34,5.0
254,39,2.0
254,44,3.0
254,47,3.0
254,48,1.0
254,50,5.0
254,72,4.0
254,82,5.0
255,18,2.5
255,19,1.5
256,3,3.0
256,5,3.0
256,6,3.0
256,7,3.0
256,9,3.0
256,14,4.0
256,25,5.0
256,32,1.0
256,36,3.0
256,52,4.0
256,62,4.0
256,79,3.0
256,95,3.0
256,100,3.0
259,34,3.0
260,69,3.0
261,1,1.5
261,19,5.0
261,32,4.0
261,50,5.0
262,1,2.5
262,2,2.0
262,19,2.5
262,29,3.0
262,34,2.0
262,39,2.5
262,47,5.0
262,70,2.0
262,97,3.0
263,21,3.5
263,62,3.5
264,39,5.0
265,21,4.0
265,25,4.0
265,36,4.0
265,41,4.0
265,50,5.0
265,58,3.0
266,14,4.0
266,34,3.0
266,36,5.0
266,39,5.0
266,50,4.0
266,62,4.0
267,47,4.5
267,50,4.0
268,1,5.0
268,2,3.5
268,6,2.5
268,10,3.0
268,11,3.5
268,17,3.0
268,19,2.0
268,21,2.5
268,32,3.0
268,34,4.5
268,39,3.5
268,47,4.0
268,48,2.5
268,50,3.5
270,47,4.0
270,50,4.0
271,16,3.5
271,32,4.0
271,50,3.5
272,1,4.0
273,1,4.5
274,22,2.5
275,1,5.0
275,3,4.0
275,16,4.5
275,39,4.5
275,50,3.5
276,70,3.0
278,80,5.0
279,2,3.0
279,10,3.0
279,21,1.0
279,34,3.0
279,47,3.0
279,50,5.0
280,11,3.0
280,17,5.0
280,28,5.0
280,58,4.0
282,1,4.0
282,10,3.0
282,22,3.0
282,32,3.5
283,1,3.0
283,7,3.5
283,17,2.5
283,32,4.0
283,36,3.0
283,47,3.0
283,50,4.0
283,58,4.0
284,1,3.0
284,3,3.0
284,5,4.0
284,6,5.0
284,7,1.0
284,12,1.0
284,14,3.0
284,17,1.0
284,25,3.0
284,32,4.0
284,36,4.0
284,62,3.0
284,76,3.0
284,78,2.0
284,79,5.0
284,81,3.0
284,86,4.0
284,95,3.0
284,100,5.0
285,1,4.0
285,2,3.0
285,3,3.0
285,10,4.0
285,19,1.0
285,32,5.0
285,44,2.0
285,47,5.0
285,50,5.0
285,60,4.0
285,63,2.0
285,69,4.0
285,70,4.0
285,93,2.0
286,23,4.0
287,1,5.0
287,2,5.0
287,13,4.5
288,2,4.0
288,6,3.0
288,10,3.0
288,19,5.0
288,25,4.0
288,31,3.0
288,39,3.0
288,44,1.0
288,47,5.0
290,10,4.5
290,47,5.0
290,50,4.5
291,47,4.5
292,1,4.0
292,2,3.5
292,5,4.0
292,10,4.0
292,11,4.5
292,16,4.5
292,32,4.5
292,39,4.5
292,47,4.5
292,50,5.0
292,62,4.0
292,70,3.5
292,95,3.5
293,1,4.0
293,76,3.5
294,1,4.0
294,5,3.5
294,7,5.0
294,10,3.5
294,11,3.0
294,12,4.0
294,17,4.0
294,26,3.5
294,28,4.5
294,34,3.0
294,39,4.0
294,44,3.0
294,48,3.5
294,62,3.5
294,73,4.0
294,92,3.5
295,6,4.5
295,10,4.5
295,39,4.0
295,47,4.5
295,50,4.5
295,95,4.0
297,65,0.5
298,2,5.0
298,6,3.5
298,19,4.0
299,16,4.5
299,29,4.5
299,32,5.0
299,47,4.5
299,70,4.5
300,32,4.5
302,10,3.0
303,25,3.5
303,32,3.0
303,47,2.5
303,50,3.5
303,62,3.5
304,14,4.0
304,25,5.0
304,47,5.0
304,50,4.5
306,1,3.0
306,2,4.0
306,5,2.0
306,7,2.0
306,11,4.0
306,14,3.0
306,16,4.0
306,17,4.0
306,19,4.0
306,21,4.0
306,25,4.0
306,34,4.0
306,35,3.0
306,37,3.0
306,39,5.0
306,45,4.0
306,47,4.0
306,50,4.0
306,52,4.0
306,57,2.0
306,62,3.0
306,74,2.0
306,88,3.0
307,47,4.0
307,50,5.0
308,17,4.0
308,39,4.0
308,45,3.0
308,47,3.0
308,70,4.0
308,93,3.0
309,50,5.0
310,31,1.5
311,1,3.0
311,6,4.0
311,7,3.0
311,10,3.0
311,11,5.0
311,14,3.0
311,15,2.0
311,16,2.0
311,17,2.0
311,20,1.5
311,21,4.0
311,23,2.0
311,24,1.5
311,27,2.0
311,28,2.0
311,31,3.0
311,34,4.5
311,39,3.0
311,40,3.0
311,43,1.5
311,45,4.0
311,47,0.5
311,48,3.0
311,50,3.0
311,57,2.0
311,61,3.0
311,62,2.5
311,71,1.5
311,74,3.0
311,79,2.0
311,83,3.0
311,89,3.0
311,95,3.0
311,100,3.0
312,1,5.0
312,2,2.0
312,6,5.0
312,7,1.0
312,10,1.0
312,11,3.0
312,17,3.0
312,21,2.0
312,25,4.0
312,28,5.0
312,32,2.0
312,34,2.0
312,36,4.0
312,39,5.0
312,45,5.0
312,50,5.0
312,52,3.0
312,57,3.0
312,85,4.0
312,95,2.0
312,99,5.0
313,1,4.0
313,2,3.0
313,5,3.5
313,10,3.5
313,19,2.5
313,25,3.0
313,32,3.0
313,34,4.0
313,47,4.0
314,1,2.0
315,39,1.0
318,1,1.0
318,5,3.0
318,6,3.0
318,9,4.0
318,36,3.0
318,41,3.0
318,95,4.0
319,11,4.0
319,17,3.0
319,39,3.0
319,95,3.0
321,1,3.0
321,21,5.0
321,50,4.0
324,1,4.0
324,2,4.0
324,19,3.0
324,32,3.5
324,34,5.0
324,62,3.5
324,73,4.5
325,31,4.5
326,60,4.0
327,32,4.0
327,47,3.5
328,1,4.0
328,25,3.0
328,34,4.0
329,1,5.0
329,3,3.0
329,5,3.0
329,6,5.0
329,7,4.0
329,25,5.0
329,32,3.0
329,95,3.0
330,16,3.0
330,22,3.0
330,25,3.0
330,32,4.0
330,41,5.0
330,50,4.0
330,58,4.0
330,80,5.0
331,24,4.0
332,70,5.0
333,1,4.0
334,1,5.0
336,1,2.0
338,2,3.0
338,17,4.0
338,25,4.0
338,31,3.0
338,34,4.0
338,36,4.0
338,39,3.0
338,47,4.0
338,62,4.0
339,47,4.5
340,6,4.0
340,47,5.0
341,14,4.0
341,31,4.5
342,14,3.0
342,25,4.0
342,36,4.0
342,50,5.0
342,58,5.0
343,1,5.0
343,6,5.0
343,25,5.0
343,32,4.0
343,36,4.0
343,41,2.0
343,52,1.0
343,62,2.0
343,81,4.0
343,94,3.0
344,1,4.0
344,5,2.0
344,23,3.0
344,29,3.0
344,34,1.0
344,39,3.0
344,46,3.0
344,47,5.0
344,50,5.0
344,52,4.0
344,53,5.0
344,82,4.0
345,1,4.5
345,5,2.0
345,6,2.5
345,25,4.0
345,32,5.0
345,34,4.0
345,36,2.5
345,45,3.5
345,47,4.5
345,50,4.5
345,62,3.5
346,2,2.0
346,29,2.0
346,32,3.0
346,47,2.5
347,74,1.5
348,24,2.0
348,32,5.0
348,73,4.0
350,1,4.0
350,36,5.0
350,50,4.0
350,69,5.0
351,94,4.0
352,32,3.5
352,47,4.0
353,1,3.5
353,2,2.0
353,10,3.0
353,19,2.5
353,21,3.0
353,32,2.5
353,34,0.5
353,47,3.5
353,62,3.5
353,72,2.5
353,93,1.5
353,95,2.5
354,1,5.0
354,11,5.0
354,44,4.0
355,1,3.0
355,2,3.0
355,6,4.0
355,10,3.5
355,19,3.0
355,32,4.0
355,47,5.0
355,50,3.5
355,70,3.0
355,95,3.0
357,1,5.0
357,19,4.0
357,32,5.0
357,48,4.0
357,58,5.0
358,1,5.0
358,3,1.0
358,5,2.0
358,6,3.0
358,7,4.0
358,11,3.0
358,12,1.0
358,17,5.0
358,19,1.0
358,21,4.0
358,32,3.0
358,34,5.0
358,39,5.0
358,46,1.0
358,47,3.0
358,48,3.0
358,50,5.0
358,52,4.0
358,58,5.0
358,64,1.0
358,65,1.0
358,70,1.0
358,81,1.0
359,58,4.5
360,47,4.0
360,50,5.0
361,1,3.0
361,3,4.0
361,7,3.0
361,9,3.0
361,12,3.0
361,14,4.0
361,17,5.0
361,25,4.0
361,32,3.0
361,41,4.0
361,52,4.0
361,58,3.0
361,65,3.0
361,66,4.0
361,74,4.0
361,76,4.0
361,79,3.0
361,86,3.0
361,88,4.0
361,100,3.0
362,50,5.0
362,70,3.5
363,1,5.0
363,29,4.0
363,32,4.0
363,34,5.0
363,47,5.0
363,48,4.0
363,50,4.0
364,47,0.5
366,24,4.0
366,44,3.5
367,6,2.0
367,21,3.0
367,95,4.0
369,2,3.0
369,10,3.0
369,21,3.0
369,32,4.0
369,39,3.0
369,47,4.0
369,50,3.0
370,32,4.5
370,44,4.0
371,17,4.5
371,47,4.5
373,16,4.0
373,25,4.0
373,34,4.0
373,36,4.0
373,39,5.0
373,45,4.0
373,50,4.0
375,10,4.0
378,50,3.0
379,1,3.5
379,32,4.0
379,47,4.5
380,1,4.0
380,6,4.0
380,11,2.0
380,16,4.0
380,19,4.0
380,21,4.0
380,22,3.0
380,24,3.0
380,25,4.0
380,32,5.0
380,34,4.0
380,39,3.0
380,45,3.0
380,47,5.0
380,50,5.0
380,81,2.5
381,5,4.0
381,25,5.0
381,36,5.0
381,47,1.0
382,1,3.5
382,2,3.0
382,5,3.0
382,7,5.0
382,11,5.0
382,17,4.0
382,34,4.0
382,39,2.0
382,48,3.5
382,62,3.5
383,1,5.0
383,6,3.0
383,9,2.0
383,14,3.0
383,21,3.0
383,25,2.0
383,29,3.0
383,32,5.0
383,34,5.0
383,36,3.0
383,47,5.0
383,52,4.0
383,62,4.0
383,68,3.0
383,83,3.0
383,95,3.0
383,100,3.0
384,10,3.5
384,19,3.0
384,23,3.0
384,34,3.0
384,47,4.0
384,70,4.0
384,95,2.0
385,6,5.0
385,10,3.0
385,11,4.0
385,16,5.0
385,17,3.0
385,19,3.0
385,21,4.0
385,22,3.0
385,25,3.0
385,36,4.0
385,39,4.0
385,45,4.0
385,47,5.0
385,50,5.0
385,95,2.0
386,16,4.0
386,25,4.0
386,31,2.0
386,32,4.0
386,50,4.0
386,92,4.0
387,11,4.0
387,21,4.0
387,36,3.0
387,52,4.0
388,6,5.0
388,10,2.0
388,14,4.0
388,16,3.0
388,20,1.0
388,22,4.0
388,23,2.0
388,25,4.0
388,29,3.0
388,32,4.0
388,36,4.0
388,39,3.0
388,41,2.0
388,42,2.0
388,45,2.0
388,47,5.0
388,49,3.0
388,50,5.0
388,62,3.0
388,70,3.0
388,72,5.0
388,82,2.0
388,88,3.0
388,100,2.0
389,2,4.0
389,5,4.0
389,10,4.0
389,19,1.0
389,22,3.0
389,23,2.0
389,54,4.0
389,62,4.0
389,74,4.0
389,95,5.0
390,1,4.0
390,3,5.0
390,7,3.0
390,9,3.0
390,10,3.0
390,11,5.0
390,14,2.0
390,15,3.0
390,17,4.0
390,21,5.0
390,32,1.0
390,43,3.0
390,44,3.0
390,52,3.0
390,62,3.0
390,65,2.0
390,92,2.0
390,95,3.0
391,4,2.0
391,17,4.0
391,35,5.0
391,45,3.0
391,46,4.0
391,47,3.0
391,50,5.0
391,58,5.0
391,96,1.0
393,16,2.5
394,31,2.0
394,32,4.0
394,39,3.0
394,47,4.0
394,50,4.5
394,95,3.0
396,1,5.0
396,2,3.0
396,10,3.0
396,11,3.0
396,12,4.0
396,15,4.0
396,17,4.0
396,24,3.0
396,29,4.0
396,32,3.0
396,44,3.0
396,47,3.0
396,50,4.0
396,57,3.0
396,65,2.0
396,66,2.0
396,76,3.0
396,92,3.0
396,93,4.0
399,10,3.0
399,25,4.0
399,47,2.0
399,50,4.0
400,10,3.0
400,21,4.0
400,32,4.0
400,34,4.0
400,39,4.0
400,47,4.0
400,50,5.0
401,1,5.0
402,1,2.0
402,11,4.5
402,13,4.5
403,1,4.0
403,25,3.0
403,32,3.0
404,6,4.0
405,10,3.5
405,85,4.0
406,1,3.5
406,52,4.5
407,1,4.0
407,14,4.0
407,25,4.0
407,32,4.0
407,36,4.0
407,41,5.0
407,50,4.0
407,52,5.0
407,58,5.0
407,73,5.0
408,1,2.0
408,16,2.0
408,17,4.0
408,18,5.0
408,21,5.0
408,32,4.0
408,39,4.0
408,45,4.0
408,47,5.0
408,50,5.0
408,55,1.0
408,73,5.0
409,1,5.0
409,15,1.0
409,16,4.0
409,21,5.0
409,22,1.0
409,25,4.0
409,30,5.0
409,32,3.0
409,34,5.0
409,35,4.0
409,46,4.0
409,47,5.0
409,50,4.0
409,85,5.0
410,1,5.0
410,32,4.5
410,34,1.5
411,24,5.0
412,1,4.0
412,19,3.0
412,27,3.0
412,39,3.0
412,50,4.0
413,6,5.0
413,7,5.0
413,17,3.0
413,25,4.0
413,52,3.0
413,62,4.0
413,95,4.0
414,21,4.0
414,24,2.0
414,28,4.0
414,46,2.0
415,10,4.0
415,34,4.0
415,50,5.0
416,3,4.0
416,7,4.0
416,10,4.0
416,11,4.0
416,19,3.0
416,20,3.0
416,22,4.0
416,32,3.0
416,39,3.0
416,62,5.0
416,74,3.0
416,86,3.0
416,88,3.0
417,1,3.5
418,1,3.5
418,2,2.0
418,10,2.5
418,47,3.5
418,48,3.0
418,95,3.5
419,1,4.5
419,21,3.5
419,34,4.0
419,50,4.0
420,32,4.0
421,1,2.0
421,11,5.0
421,34,3.0
421,39,3.0
422,1,5.0
422,25,5.0
422,34,4.0
422,36,5.0
422,39,4.0
422,62,3.0
422,70,3.0
423,16,3.5
423,32,4.5
423,52,3.5
423,88,3.0
424,39,3.5
425,1,4.5
425,3,0.5
425,50,4.0
426,1,3.0
426,2,3.0
426,32,2.0
426,47,4.0
428,1,5.0
428,2,3.0
428,10,2.5
428,16,5.0
428,34,3.0
428,50,4.5
428,60,2.0
430,1,4.0
430,3,1.5
430,6,4.0
430,10,3.5
430,19,2.0
430,21,5.0
430,25,4.5
430,29,5.0
430,32,5.0
430,34,3.5
430,47,5.0
430,50,5.0
430,69,4.0
431,1,4.5
431,5,4.5
431,17,5.0
431,41,5.0
431,47,5.0
431,50,5.0
432,1,5.0
432,32,5.0
432,47,5.0
432,50,5.0
433,1,4.5
433,6,5.0
433,11,1.5
433,16,4.5
433,19,2.5
433,32,4.0
433,36,3.0
433,47,5.0
433,50,3.5
434,1,4.0
434,6,4.0
434,17,5.0
434,25,5.0
434,28,4.0
434,32,4.0
434,34,4.0
434,36,5.0
434,50,5.0
434,52,4.0
434,58,5.0
434,74,2.0
434,78,4.0
434,79,1.0
434,85,4.0
434,94,3.0
434,95,3.0
434,100,3.0
435,32,5.0
436,58,4.0
437,1,4.0
437,48,3.0
438,50,5.0
439,34,1.0
439,39,4.0
439,45,4.0
440,1,4.0
440,2,4.0
440,32,3.0
440,47,4.0
440,50,4.0
441,58,5.0
441,59,5.0
441,80,4.5
441,94,4.5
442,1,4.0
442,2,4.0
442,3,4.5
442,16,4.5
442,25,1.0
442,34,3.5
442,36,4.5
442,47,4.5
442,65,1.0
442,95,1.0
447,1,3.0
447,2,3.0
447,6,3.0
447,10,3.0
447,11,3.0
447,17,3.0
447,19,3.0
447,21,3.0
447,25,4.0
447,34,3.0
447,36,4.0
447,39,3.0
447,48,3.0
447,60,3.0
447,62,5.0
448,1,3.0
449,32,4.0
449,47,4.0
449,62,4.0
450,29,4.5
450,47,5.0
450,50,5.0
451,52,4.0
452,1,3.5
452,3,1.0
452,5,3.0
452,6,4.0
452,7,3.0
452,11,4.0
452,14,5.0
452,16,4.0
452,17,4.0
452,18,3.0
452,19,1.0
452,22,3.0
452,24,2.0
452,27,3.0
452,29,4.0
452,31,2.5
452,34,4.0
452,36,5.0
452,39,3.0
452,43,4.0
452,45,3.0
452,47,2.5
452,52,3.0
452,57,3.0
452,62,3.0
452,74,2.0
452,79,1.0
452,86,3.0
452,89,3.0
452,94,4.0
452,100,3.0
453,44,4.0
454,50,5.0
455,1,3.5
455,47,4.5
456,1,3.5
457,1,1.5
457,3,1.5
457,5,1.0
457,6,3.0
457,10,2.0
457,16,3.5
457,18,2.5
457,19,1.5
457,20,2.5
457,31,1.5
457,32,3.0
457,34,1.0
457,39,2.0
457,45,3.0
457,47,4.5
457,50,3.0
457,70,3.0
457,88,2.5
457,97,3.5
458,1,3.5
458,10,4.0
458,34,3.0
458,47,4.0
459,1,5.0
459,3,4.0
459,6,4.0
459,7,3.0
459,14,4.0
459,25,5.0
459,32,4.0
459,36,4.0
459,79,2.0
459,95,4.0
460,1,4.5
460,4,3.5
460,29,4.0
460,32,4.0
460,45,4.0
460,47,2.5
460,48,2.5
460,50,4.5
460,94,2.5
460,95,3.5
461,1,3.5
461,4,1.5
461,6,4.0
461,7,0.5
461,10,2.0
461,11,1.5
461,16,3.0
461,17,4.5
461,18,1.5
461,21,3.0
461,22,2.0
461,25,2.5
461,29,3.5
461,31,2.0
461,34,3.5
461,36,3.0
461,39,4.5
461,44,0.5
461,47,5.0
461,48,2.0
461,50,4.0
461,60,2.0
461,62,2.5
461,70,2.0
461,71,0.5
462,21,3.5
463,1,3.0
463,7,4.0
463,11,3.0
463,17,4.0
463,24,2.0
463,25,3.0
463,32,4.0
463,39,3.0
463,47,4.0
463,48,3.0
463,50,5.0
463,52,4.0
464,10,5.0
464,39,5.0
464,62,5.0
464,95,5.0
465,17,5.0
465,39,4.5
466,1,5.0
466,2,3.0
466,25,3.0
466,34,4.0
466,36,3.0
466,39,4.0
466,41,4.0
466,48,3.0
466,50,4.0
467,43,4.0
468,1,4.0
468,2,2.0
468,3,2.5
468,6,3.5
468,10,3.0
468,11,2.0
468,16,3.5
468,17,3.5
468,19,1.5
468,21,2.5
468,24,2.5
468,25,3.0
468,31,1.5
468,32,3.0
468,34,3.5
468,39,3.0
468,44,1.5
468,47,3.5
468,48,2.5
468,50,3.0
468,58,3.0
468,62,2.5
468,65,0.5
468,88,1.5
470,1,3.5
470,29,4.0
470,70,3.5
471,1,3.5
471,2,3.0
471,10,4.5
472,1,5.0
472,6,3.0
472,7,2.0
472,11,3.0
472,16,4.0
472,17,4.0
472,21,4.0
472,25,5.0
472,29,4.0
472,32,3.0
472,34,5.0
472,36,4.0
472,39,4.0
472,47,4.0
472,50,4.0
472,69,4.5
472,94,4.0
473,2,5.0
475,1,4.5
475,16,4.0
475,47,4.0
476,16,5.0
478,47,3.5
479,2,4.0
480,1,5.0
480,2,5.0
480,32,3.0
480,34,3.5
480,47,4.0
480,50,4.5
481,1,4.0
481,16,4.0
481,32,4.0
481,58,5.0
482,32,4.0
482,70,3.0
483,50,4.0
484,1,3.0
484,3,4.0
484,17,5.0
484,25,2.0
484,32,5.0
484,41,4.0
484,62,5.0
484,65,1.0
484,76,5.0
485,31,4.0
486,1,5.0
486,34,2.5
487,2,4.0
487,10,4.0
487,11,4.0
487,17,5.0
487,19,3.0
487,22,5.0
487,27,3.0
487,31,5.0
487,32,4.0
487,34,3.0
487,39,4.0
487,47,4.0
487,48,3.0
487,50,5.0
487,54,3.0
487,74,4.0
487,89,3.0
487,94,3.0
487,95,5.0
488,47,4.0
489,24,3.0
489,41,4.0
490,1,1.0
490,6,5.0
490,9,4.0
490,14,3.0
490,32,3.0
490,36,3.0
490,58,4.0
490,79,4.0
490,95,4.0
491,1,5.0
491,11,3.0
491,21,3.0
491,34,4.0
491,39,4.0
491,52,1.0
491,86,1.0
492,30,2.0
492,35,4.0
492,77,4.0
493,7,4.0
493,11,4.0
493,17,4.0
493,25,3.0
493,28,4.0
493,34,5.0
493,48,2.0
493,58,4.0
494,50,5.0
495,34,5.0
495,47,4.0
496,2,4.0
496,3,3.0
496,6,5.0
496,11,4.0
496,15,3.0
496,19,2.0
496,20,4.0
496,22,5.0
496,23,4.0
496,27,4.0
496,31,4.0
496,34,2.0
496,47,3.0
496,48,3.0
496,61,4.0
496,62,5.0
496,71,5.0
496,79,4.0
496,89,4.0
496,95,4.0
499,50,5.0
500,1,2.0
500,2,1.5
500,19,3.0
500,34,2.5
500,39,2.5
500,48,2.5
500,62,3.5
501,1,5.0
501,36,4.5
501,47,5.0
501,50,3.5
502,1,4.0
502,6,3.0
502,18,3.0
502,25,5.0
502,32,5.0
502,36,5.0
502,50,5.0
502,52,4.0
502,62,3.0
502,68,3.0
502,78,4.0
503,1,4.0
503,50,4.0
505,3,3.0
505,7,3.0
505,52,3.0
506,1,4.0
506,2,3.0
506,19,3.0
506,32,3.0
507,1,3.0
507,3,2.0
507,9,1.0
507,18,4.0
507,32,4.0
507,36,5.0
507,62,4.0
507,95,3.0
507,100,2.0
508,11,3.0
508,21,5.0
508,32,3.0
508,34,5.0
508,41,5.0
508,47,5.0
508,50,5.0
509,1,3.0
509,3,2.0
509,6,3.0
509,11,3.0
509,14,3.0
509,16,4.0
509,17,4.0
509,21,4.0
509,25,4.0
509,28,4.0
509,30,3.0
509,32,4.0
509,34,3.0
509,36,4.5
509,41,4.5
509,42,2.0
509,45,3.5
509,47,4.0
509,50,5.0
509,52,4.0
509,58,3.0
509,62,3.0
509,64,2.0
509,68,4.0
509,69,3.5
509,70,1.0
509,72,3.0
509,81,3.0
509,94,4.5
510,1,1.0
510,17,4.0
510,21,4.0
510,25,1.0
510,34,1.0
510,36,4.0
510,58,4.0
510,84,4.0
510,97,3.0
511,11,4.0
511,16,5.0
511,21,5.0
511,25,4.0
511,31,4.0
511,36,5.0
511,50,5.0
511,58,5.0
511,94,4.0
511,100,5.0
514,1,4.0
514,3,1.0
514,5,1.0
514,14,3.0
514,17,3.0
514,21,3.0
514,24,1.0
514,25,5.0
514,29,5.0
514,32,4.0
514,34,4.0
514,35,3.0
514,36,4.0
514,38,1.0
514,39,3.0
514,43,3.0
514,44,3.0
514,45,4.0
514,47,4.0
514,48,2.0
514,50,5.0
514,52,4.0
514,57,3.0
514,62,3.0
514,69,3.0
514,78,4.0
514,83,3.0
514,85,3.0
514,92,4.0
515,60,3.0
516,3,3.0
516,5,3.0
516,6,4.0
516,7,4.0
516,9,3.0
516,10,4.0
516,12,3.0
516,13,3.0
516,19,3.0
516,21,5.0
516,22,5.0
516,23,3.0
516,25,5.0
516,30,4.0
516,31,4.0
516,32,4.0
516,34,3.0
516,39,3.0
516,44,3.0
516,47,4.0
516,64,3.0
516,74,3.0
516,79,3.0
516,95,4.0
517,2,5.0
517,11,5.0
517,17,5.0
517,19,3.0
517,39,4.0
517,47,5.0
517,95,4.0
518,1,5.0
518,2,4.0
518,4,1.0
518,5,3.0
518,7,3.0
518,9,4.0
518,11,5.0
518,13,5.0
518,17,5.0
518,19,3.0
518,21,1.0
518,22,4.0
518,24,3.0
518,34,5.0
518,39,4.0
518,47,5.0
518,48,1.0
518,54,4.0
518,64,2.0
518,65,3.0
518,74,3.0
518,87,3.0
518,88,3.0
518,89,3.0
518,95,4.0
519,50,4.0
520,1,3.0
520,32,4.5
520,47,5.0
520,48,2.0
520,50,5.0
520,70,1.5
521,50,4.5
522,2,2.5
522,19,3.5
522,32,3.0
522,47,4.0
522,50,3.0
523,16,1.0
523,48,4.0
523,50,5.0
524,32,4.0
525,1,2.0
525,2,2.0
525,6,4.0
525,10,3.0
525,21,4.0
525,31,4.0
525,32,3.0
526,1,4.0
527,19,1.5
527,25,3.0
527,32,3.5
527,34,1.0
527,36,2.0
527,39,2.5
527,47,3.5
527,50,3.5
527,62,3.5
527,94,4.5
528,19,2.5
528,50,4.0
528,52,3.5
529,1,4.0
529,17,4.5
529,24,3.0
529,25,4.0
529,28,4.0
529,32,4.0
529,34,5.0
529,36,4.5
529,52,4.0
529,55,4.0
529,57,3.0
529,58,4.0
529,62,4.0
529,68,2.0
530,1,5.0
530,14,4.0
530,17,4.0
530,36,5.0
530,40,3.0
530,48,4.0
530,62,4.0
530,95,5.0
531,1,3.0
531,2,4.0
531,34,3.0
531,48,3.0
532,19,3.5
533,25,1.0
533,32,4.0
533,36,4.0
533,79,2.0
534,1,5.0
534,2,4.0
534,3,2.0
534,6,5.0
534,11,3.0
534,16,4.0
534,17,2.0
534,21,2.0
534,22,4.0
534,23,4.0
534,25,3.0
534,32,4.0
534,34,3.0
534,36,4.0
534,39,2.0
534,42,2.0
534,47,5.0
534,50,2.0
534,60,3.0
534,61,4.0
534,64,3.0
534,69,3.0
534,70,2.0
534,79,3.0
534,81,2.0
534,86,5.0
534,89,4.0
534,95,4.0
535,2,3.0
535,10,3.0
535,11,3.0
535,19,1.0
535,21,3.0
535,44,3.0
535,47,3.0
535,95,3.0
536,19,2.0
536,22,5.0
536,23,4.0
536,34,5.0
536,39,5.0
536,45,3.0
536,47,4.0
536,50,5.0
536,57,5.0
536,60,4.0
537,1,5.0
537,2,3.0
537,7,5.0
537,11,3.0
537,17,5.0
537,21,5.0
537,29,5.0
537,32,4.0
537,36,4.0
537,41,5.0
537,43,4.0
537,50,5.0
537,52,3.0
537,57,2.0
537,58,5.0
537,62,4.0
537,89,3.0
537,95,2.0
538,1,5.0
539,17,4.0
539,46,3.0
539,50,4.0
542,1,4.5
543,1,5.0
543,3,5.0
543,5,3.0
543,7,5.0
544,6,4.5
544,16,4.0
544,25,5.0
544,32,4.5
544,47,5.0
545,34,4.0
545,36,5.0
545,47,5.0
546,32,5.0
547,1,3.5
547,6,2.5
547,7,2.0
547,11,3.0
547,14,3.5
547,16,4.0
547,17,5.0
547,21,4.0
547,25,4.5
547,32,4.0
547,34,4.0
547,36,4.0
547,39,3.0
547,45,4.0
547,47,4.0
547,50,4.0
547,57,4.0
547,85,3.0
547,94,3.5
548,1,4.0
548,2,3.0
548,3,4.0
548,5,3.0
548,6,3.0
548,10,4.0
548,11,3.0
548,19,3.0
548,21,3.0
548,22,3.0
548,23,3.0
548,32,3.0
548,36,3.0
548,39,3.0
548,44,3.0
548,45,3.0
548,47,3.0
548,50,4.0
548,52,4.0
548,58,5.0
548,62,3.0
548,65,3.0
548,69,4.0
548,76,3.0
548,88,3.0
548,95,3.0
549,18,1.0
549,50,4.5
550,10,4.0
550,11,4.0
550,16,5.0
550,32,4.0
550,34,4.0
550,41,5.0
550,47,3.0
551,7,4.0
551,12,3.0
551,45,3.0
552,10,3.0
552,97,4.0
553,1,4.0
554,17,5.0
555,10,3.0
555,17,3.0
555,34,4.0
555,41,3.0
555,45,3.0
555,50,4.0
555,82,3.0
555,95,1.0
556,50,3.0
557,34,2.0
559,1,4.0
559,3,3.0
559,17,4.0
559,34,4.0
559,79,4.0
559,95,4.0
560,1,4.5
560,10,4.0
560,19,3.5
560,34,3.5
561,1,3.0
561,2,3.0
561,10,3.5
561,32,3.5
561,39,2.5
561,48,3.0
561,62,4.0
562,1,4.5
562,5,3.5
562,6,4.0
562,11,4.0
562,16,3.5
562,19,3.0
562,21,4.0
562,32,4.0
562,34,4.0
562,36,4.0
562,39,3.5
562,47,4.5
562,50,5.0
562,95,3.5
564,1,4.0
564,2,4.0
564,3,3.0
564,5,3.0
564,6,1.0
564,7,3.0
564,10,3.0
564,11,3.0
564,12,1.0
564,13,4.0
564,15,1.0
564,16,4.0
564,17,3.0
564,18,2.0
564,19,3.0
564,21,4.0
564,22,5.0
564,25,5.0
564,30,5.0
564,32,4.0
564,34,3.0
564,35,2.0
564,36,5.0
564,39,5.0
564,41,3.0
564,42,3.0
564,43,4.0
564,44,2.0
564,45,5.0
564,46,5.0
564,47,4.0
564,48,1.0
564,49,5.0
564,50,5.0
564,52,5.0
564,55,4.0
564,57,4.0
564,60,1.0
564,61,3.0
564,62,1.0
564,66,1.0
564,68,4.0
564,70,2.0
564,71,2.0
564,73,2.0
564,74,3.0
564,76,4.0
564,77,4.0
564,78,4.0
564,81,3.0
564,85,4.0
564,86,4.0
564,87,1.0
564,88,2.0
564,89,3.0
564,92,5.0
564,93,2.0
564,94,4.0
564,95,3.0
564,99,4.0
567,50,3.0
568,1,3.0
568,10,4.0
568,47,5.0
569,11,5.0
569,39,4.0
570,1,1.5
570,36,4.0
571,18,5.0
571,32,4.5
571,88,3.5
572,50,4.0
573,36,5.0
573,80,4.0
574,1,4.0
574,3,3.5
574,6,5.0
574,10,3.0
574,16,4.5
574,19,3.0
574,25,4.5
574,32,4.5
574,47,4.5
574,50,5.0
574,70,4.0
575,1,3.0
575,2,4.0
575,7,4.0
575,11,3.0
575,17,5.0
575,28,5.0
575,34,5.0
575,36,3.0
575,39,3.0
575,48,2.0
575,57,3.0
575,62,3.0
577,1,5.0
577,6,4.0
577,10,3.5
577,17,5.0
577,22,3.0
577,29,5.0
577,32,4.5
577,34,5.0
577,47,4.0
577,48,3.5
577,95,3.5
578,17,3.0
578,50,0.5
579,65,0.5
579,88,0.5
580,1,4.0
580,2,3.5
580,6,3.5
580,12,3.0
580,16,3.5
580,19,1.5
580,21,3.0
580,22,1.5
580,24,2.5
580,29,4.0
580,32,4.5
580,39,4.0
580,44,2.0
580,47,4.0
580,48,2.5
580,50,4.0
580,52,2.5
580,60,3.0
580,69,3.5
580,70,2.5
580,85,4.0
582,34,3.0
582,48,4.0
582,62,3.5
584,1,5.0
584,47,3.5
584,60,3.5
585,1,4.0
585,21,4.0
585,34,4.0
585,39,4.0
585,45,4.0
585,50,5.0
586,1,4.0
587,25,4.0
587,34,3.5
587,45,4.0
587,47,3.5
587,50,4.5
587,52,4.0
587,58,4.5
588,6,4.0
588,10,3.0
588,14,3.0
588,19,2.0
588,21,4.0
588,25,4.0
588,32,4.0
588,47,5.0
588,50,5.0
588,62,3.0
589,10,4.0
589,44,3.0
589,47,5.0
589,95,4.0
590,2,3.0
590,5,3.0
590,6,4.0
590,10,3.0
590,22,3.0
590,25,5.0
590,31,3.0
590,32,3.0
590,34,4.0
590,47,4.0
590,50,5.0
591,48,3.0
592,10,4.0
593,2,3.0
593,10,2.0
593,20,4.0
593,25,5.0
593,32,5.0
593,47,4.0
593,95,4.0
594,1,4.0
594,21,5.0
595,1,5.0
595,2,2.0
595,13,5.0
595,17,4.0
595,34,3.0
595,48,4.0
596,1,3.5
596,6,4.0
596,10,3.5
596,16,5.0
596,18,3.5
596,19,2.5
596,23,3.5
596,25,4.0
596,31,3.0
596,32,5.0
596,36,3.5
596,47,4.0
596,50,4.5
596,69,4.0
596,70,4.0
596,92,3.0
597,1,5.0
597,11,4.0
597,29,3.0
597,32,4.0
597,34,5.0
597,39,5.0
598,1,4.5
598,11,4.0
598,15,2.0
598,17,2.0
598,39,3.0
598,50,5.0
598,69,4.0
598,70,2.0
598,88,4.0
599,39,5.0
601,31,3.0
602,2,4.0
602,10,3.0
602,11,3.0
602,21,2.0
602,25,5.0
602,29,5.0
602,32,3.0
602,34,4.0
602,36,5.0
602,45,4.0
602,47,4.0
602,50,5.0
602,60,3.0
602,85,5.0
602,97,5.0
603,1,4.0
603,2,4.0
603,3,2.0
603,6,4.0
603,32,5.0
603,44,3.0
603,60,3.0
603,62,5.0
603,88,3.0
604,19,2.5
604,32,3.5
605,3,2.0
605,11,3.0
605,19,4.0
605,21,2.0
605,25,3.0
605,34,5.0
605,36,1.0
605,39,4.0
605,87,1.0
605,95,3.0
605,99,1.0
607,1,4.5
607,2,3.0
607,3,3.5
607,7,3.5
607,10,3.5
607,16,3.5
607,18,4.0
607,19,1.5
607,21,3.5
607,31,3.5
607,32,3.5
607,47,4.0
607,50,4.5
607,62,3.5
607,69,4.0
607,93,3.0
607,95,2.0
608,1,4.0
608,6,5.0
608,10,3.0
608,16,4.0
608,17,3.0
608,22,3.0
608,25,4.0
608,30,4.0
608,32,4.0
608,34,4.0
608,36,4.0
608,47,5.0
608,50,5.0
608,59,3.0
608,70,3.0
608,81,3.0
608,95,3.0
609,81,5.0
613,50,5.0
614,3,2.0
614,8,1.0
614,28,4.0
614,48,3.0
614,52,4.0
615,1,4.0
615,6,3.5
615,32,3.0
615,47,4.5
615,60,3.5
616,1,4.0
616,3,3.0
616,6,3.0
616,7,3.0
616,17,3.0
616,18,4.0
616,25,4.0
616,32,3.0
616,36,4.0
616,62,3.0
616,79,3.0
617,39,3.0
617,70,1.0
618,50,5.0
619,21,3.0
619,31,3.0
619,47,4.0
619,50,5.0
620,50,4.0
621,5,4.5
623,1,4.5
623,34,4.0
624,1,5.0
624,2,3.0
624,3,3.0
624,5,3.0
624,10,4.0
624,12,2.0
624,16,5.0
624,19,2.0
624,20,3.0
624,21,2.0
624,32,2.0
624,38,3.0
624,47,4.0
624,50,4.0
624,65,1.0
624,66,2.0
624,95,2.0
627,6,4.0
627,19,1.0
627,36,4.0
627,47,4.0
627,50,4.0
627,95,2.0
628,16,3.0
628,29,4.0
628,32,3.5
628,58,3.5
629,24,1.0
629,34,2.0
630,1,4.0
631,47,5.0
632,65,3.0
632,88,4.5
633,6,3.0
633,21,4.0
633,36,3.0
633,47,3.0
633,62,3.0
635,50,3.0
636,1,3.0
636,17,3.0
636,18,3.0
636,25,4.0
636,29,4.0
636,30,4.0
636,32,4.0
636,36,4.0
636,52,2.0
636,65,2.0
636,68,4.0
636,85,5.0
636,88,3.0
637,24,3.5
637,32,5.0
637,50,5.0
637,60,3.0
639,11,4.0
639,24,3.0
639,31,3.0
639,39,4.0
639,46,3.0
639,47,3.0
640,3,4.0
640,5,3.0
640,9,3.0
640,12,3.0
640,14,2.0
640,17,4.0
640,36,5.0
640,52,2.0
640,62,5.0
640,74,4.0
640,95,3.0
640,99,1.0
641,1,4.0
641,2,4.0
641,3,3.0
641,5,4.0
641,6,4.0
641,7,4.0
641,10,3.0
641,11,4.0
641,19,3.0
641,22,4.0
641,27,4.0
641,31,4.0
641,32,4.0
641,34,4.0
641,36,4.0
641,39,5.0
641,46,4.0
641,52,4.0
641,61,4.0
641,62,4.0
641,64,3.0
641,74,4.0
641,79,3.0
641,94,4.0
641,95,3.0
643,50,5.0
644,4,1.0
644,24,3.0
646,1,5.0
646,3,5.0
646,48,5.0
647,1,4.0
647,6,4.0
647,16,4.0
647,34,5.0
647,47,5.0
647,50,5.0
647,70,3.0
648,6,4.0
648,47,3.0
648,48,1.0
648,70,2.0
648,97,4.5
649,1,4.0
649,4,3.0
649,10,5.0
649,19,3.0
649,21,3.0
649,32,4.0
649,39,4.0
649,44,4.0
649,45,3.0
649,50,4.0
649,58,4.0
650,3,3.0
650,4,1.0
650,5,3.0
650,10,4.0
650,11,5.0
650,15,2.0
650,17,4.0
650,32,3.0
650,36,5.0
650,42,1.0
650,45,3.0
650,62,5.0
650,76,3.0
650,79,3.0
650,86,5.0
650,89,4.0
650,92,3.0
650,95,4.0
652,22,4.0
652,24,5.0
652,71,4.0
652,94,4.0
653,1,4.0
653,19,3.0
653,34,4.0
653,39,5.0
654,1,5.0
654,2,3.0
654,5,4.0
654,10,4.0
654,11,4.5
654,15,2.0
654,17,4.5
654,19,4.5
654,24,4.5
654,32,5.0
654,34,4.5
654,36,4.5
654,47,4.5
654,48,2.0
654,50,5.0
654,60,3.5
654,62,4.5
654,70,3.5
654,94,4.0
655,2,4.0
655,18,4.0
655,32,4.0
655,50,5.0
656,24,4.0
658,34,4.0
658,58,5.0
658,62,5.0
659,6,3.0
659,14,4.0
659,16,5.0
659,17,4.0
659,18,1.0
659,19,1.0
659,22,4.0
659,24,3.0
659,25,5.0
659,29,4.0
659,32,4.0
659,35,3.0
659,36,4.0
659,43,3.0
659,45,3.0
659,47,4.0
659,50,4.0
659,55,3.0
659,62,3.0
659,64,3.0
659,78,2.0
659,81,3.0
659,85,3.0
659,89,2.0
659,92,4.0
660,1,2.5
660,32,4.0
662,2,5.0
662,10,3.0
662,19,2.0
662,34,4.0
662,39,3.0
662,47,3.0
663,1,4.0
664,1,3.5
664,6,4.0
664,16,4.0
664,22,3.0
664,29,4.0
664,32,5.0
664,47,4.5
664,50,4.5
664,70,3.5
665,2,3.0
665,3,3.0
665,5,3.0
665,16,4.0
665,32,4.0
665,34,2.0
665,39,2.0
665,48,4.0
665,60,2.0
665,62,3.0
665,64,2.0
665,74,2.0
666,6,5.0
666,10,3.0
666,19,3.0
666,39,2.0
667,6,4.0
667,11,3.0
667,16,2.0
667,17,2.0
667,21,3.0
667,25,2.0
667,32,5.0
667,36,4.0
667,41,5.0
667,58,4.0
667,82,3.0
667,95,3.0
670,1,4.0
670,25,5.0
670,32,3.0
670,34,4.0
670,36,4.0
670,47,5.0
670,50,5.0
671,1,5.0
671,36,4.0
671,50,4.5